t,c_hash,c_backoff,c_backoff_strategy,c_bulk_insert,c_cm_period,c_cm_slowpath_threshold,c_cm_update_on,c_contention_split,c_cool_pct,c_dram_gib,c_free_pct,c_io_uring_poll_mode,c_ioengine,c_partition_bits,c_pin_threads,c_pp_threads,c_run_for_seconds,c_si,c_smt,c_ssd_gib,c_ssd_path,c_tag,c_target_gib,c_tx_rate,c_vw,c_vw_todo,c_wal,c_worker_tasks,c_worker_threads,c_xmerge,c_xmerge_k,c_xmerge_target_pct,c_zipf_factor,run_until_tx,tpcc_warehouse_affinity,tpcc_warehouse_count
0,3727503496349456617,512,0,0,14,1,7,1,10,6.0,1,1,libaio,3,0,1,60,0,1,1700.0,testfile,,0.0,0,0,0,0,4,4,1,5,80.0,0.0,0,0,10
1,3727503496349456617,512,0,0,14,1,7,1,10,6.0,1,1,libaio,3,0,1,60,0,1,1700.0,testfile,,0.0,0,0,0,0,4,4,1,5,80.0,0.0,0,0,10
2,3727503496349456617,512,0,0,14,1,7,1,10,6.0,1,1,libaio,3,0,1,60,0,1,1700.0,testfile,,0.0,0,0,0,0,4,4,1,5,80.0,0.0,0,0,10
3,3727503496349456617,512,0,0,14,1,7,1,10,6.0,1,1,libaio,3,0,1,60,0,1,1700.0,testfile,,0.0,0,0,0,0,4,4,1,5,80.0,0.0,0,0,10
4,3727503496349456617,512,0,0,14,1,7,1,10,6.0,1,1,libaio,3,0,1,60,0,1,1700.0,testfile,,0.0,0,0,0,0,4,4,1,5,80.0,0.0,0,0,10
5,3727503496349456617,512,0,0,14,1,7,1,10,6.0,1,1,libaio,3,0,1,60,0,1,1700.0,testfile,,0.0,0,0,0,0,4,4,1,5,80.0,0.0,0,0,10
6,3727503496349456617,512,0,0,14,1,7,1,10,6.0,1,1,libaio,3,0,1,60,0,1,1700.0,testfile,,0.0,0,0,0,0,4,4,1,5,80.0,0.0,0,0,10
7,3727503496349456617,512,0,0,14,1,7,1,10,6.0,1,1,libaio,3,0,1,60,0,1,1700.0,testfile,,0.0,0,0,0,0,4,4,1,5,80.0,0.0,0,0,10
8,3727503496349456617,512,0,0,14,1,7,1,10,6.0,1,1,libaio,3,0,1,60,0,1,1700.0,testfile,,0.0,0,0,0,0,4,4,1,5,80.0,0.0,0,0,10
9,3727503496349456617,512,0,0,14,1,7,1,10,6.0,1,1,libaio,3,0,1,60,0,1,1700.0,testfile,,0.0,0,0,0,0,4,4,1,5,80.0,0.0,0,0,10
10,3727503496349456617,512,0,0,14,1,7,1,10,6.0,1,1,libaio,3,0,1,60,0,1,1700.0,testfile,,0.0,0,0,0,0,4,4,1,5,80.0,0.0,0,0,10
0,3727503496349456617,512,0,0,14,1,7,1,10,6.0,1,1,libaio,3,0,1,60,0,1,1700.0,testfile,,0.0,0,0,0,0,4,4,1,5,80.0,0.0,0,0,10
1,3727503496349456617,512,0,0,14,1,7,1,10,6.0,1,1,libaio,3,0,1,60,0,1,1700.0,testfile,,0.0,0,0,0,0,4,4,1,5,80.0,0.0,0,0,10
2,3727503496349456617,512,0,0,14,1,7,1,10,6.0,1,1,libaio,3,0,1,60,0,1,1700.0,testfile,,0.0,0,0,0,0,4,4,1,5,80.0,0.0,0,0,10
3,3727503496349456617,512,0,0,14,1,7,1,10,6.0,1,1,libaio,3,0,1,60,0,1,1700.0,testfile,,0.0,0,0,0,0,4,4,1,5,80.0,0.0,0,0,10
4,3727503496349456617,512,0,0,14,1,7,1,10,6.0,1,1,libaio,3,0,1,60,0,1,1700.0,testfile,,0.0,0,0,0,0,4,4,1,5,80.0,0.0,0,0,10
5,3727503496349456617,512,0,0,14,1,7,1,10,6.0,1,1,libaio,3,0,1,60,0,1,1700.0,testfile,,0.0,0,0,0,0,4,4,1,5,80.0,0.0,0,0,10
6,3727503496349456617,512,0,0,14,1,7,1,10,6.0,1,1,libaio,3,0,1,60,0,1,1700.0,testfile,,0.0,0,0,0,0,4,4,1,5,80.0,0.0,0,0,10
7,3727503496349456617,512,0,0,14,1,7,1,10,6.0,1,1,libaio,3,0,1,60,0,1,1700.0,testfile,,0.0,0,0,0,0,4,4,1,5,80.0,0.0,0,0,10
0,14311238029598878693,512,0,0,14,1,7,1,10,6.0,1,1,libaio,3,0,1,60,0,1,1700.0,testfile,,0.0,0,0,0,0,4,1,1,5,80.0,0.0,0,0,10
1,14311238029598878693,512,0,0,14,1,7,1,10,6.0,1,1,libaio,3,0,1,60,0,1,1700.0,testfile,,0.0,0,0,0,0,4,1,1,5,80.0,0.0,0,0,10
2,14311238029598878693,512,0,0,14,1,7,1,10,6.0,1,1,libaio,3,0,1,60,0,1,1700.0,testfile,,0.0,0,0,0,0,4,1,1,5,80.0,0.0,0,0,10
3,14311238029598878693,512,0,0,14,1,7,1,10,6.0,1,1,libaio,3,0,1,60,0,1,1700.0,testfile,,0.0,0,0,0,0,4,1,1,5,80.0,0.0,0,0,10
4,14311238029598878693,512,0,0,14,1,7,1,10,6.0,1,1,libaio,3,0,1,60,0,1,1700.0,testfile,,0.0,0,0,0,0,4,1,1,5,80.0,0.0,0,0,10
5,14311238029598878693,512,0,0,14,1,7,1,10,6.0,1,1,libaio,3,0,1,60,0,1,1700.0,testfile,,0.0,0,0,0,0,4,1,1,5,80.0,0.0,0,0,10
6,14311238029598878693,512,0,0,14,1,7,1,10,6.0,1,1,libaio,3,0,1,60,0,1,1700.0,testfile,,0.0,0,0,0,0,4,1,1,5,80.0,0.0,0,0,10
7,14311238029598878693,512,0,0,14,1,7,1,10,6.0,1,1,libaio,3,0,1,60,0,1,1700.0,testfile,,0.0,0,0,0,0,4,1,1,5,80.0,0.0,0,0,10
8,14311238029598878693,512,0,0,14,1,7,1,10,6.0,1,1,libaio,3,0,1,60,0,1,1700.0,testfile,,0.0,0,0,0,0,4,1,1,5,80.0,0.0,0,0,10
9,14311238029598878693,512,0,0,14,1,7,1,10,6.0,1,1,libaio,3,0,1,60,0,1,1700.0,testfile,,0.0,0,0,0,0,4,1,1,5,80.0,0.0,0,0,10
10,14311238029598878693,512,0,0,14,1,7,1,10,6.0,1,1,libaio,3,0,1,60,0,1,1700.0,testfile,,0.0,0,0,0,0,4,1,1,5,80.0,0.0,0,0,10
11,14311238029598878693,512,0,0,14,1,7,1,10,6.0,1,1,libaio,3,0,1,60,0,1,1700.0,testfile,,0.0,0,0,0,0,4,1,1,5,80.0,0.0,0,0,10
12,14311238029598878693,512,0,0,14,1,7,1,10,6.0,1,1,libaio,3,0,1,60,0,1,1700.0,testfile,,0.0,0,0,0,0,4,1,1,5,80.0,0.0,0,0,10
13,14311238029598878693,512,0,0,14,1,7,1,10,6.0,1,1,libaio,3,0,1,60,0,1,1700.0,testfile,,0.0,0,0,0,0,4,1,1,5,80.0,0.0,0,0,10
14,14311238029598878693,512,0,0,14,1,7,1,10,6.0,1,1,libaio,3,0,1,60,0,1,1700.0,testfile,,0.0,0,0,0,0,4,1,1,5,80.0,0.0,0,0,10
15,14311238029598878693,512,0,0,14,1,7,1,10,6.0,1,1,libaio,3,0,1,60,0,1,1700.0,testfile,,0.0,0,0,0,0,4,1,1,5,80.0,0.0,0,0,10
16,14311238029598878693,512,0,0,14,1,7,1,10,6.0,1,1,libaio,3,0,1,60,0,1,1700.0,testfile,,0.0,0,0,0,0,4,1,1,5,80.0,0.0,0,0,10
17,14311238029598878693,512,0,0,14,1,7,1,10,6.0,1,1,libaio,3,0,1,60,0,1,1700.0,testfile,,0.0,0,0,0,0,4,1,1,5,80.0,0.0,0,0,10
18,14311238029598878693,512,0,0,14,1,7,1,10,6.0,1,1,libaio,3,0,1,60,0,1,1700.0,testfile,,0.0,0,0,0,0,4,1,1,5,80.0,0.0,0,0,10
19,14311238029598878693,512,0,0,14,1,7,1,10,6.0,1,1,libaio,3,0,1,60,0,1,1700.0,testfile,,0.0,0,0,0,0,4,1,1,5,80.0,0.0,0,0,10
20,14311238029598878693,512,0,0,14,1,7,1,10,6.0,1,1,libaio,3,0,1,60,0,1,1700.0,testfile,,0.0,0,0,0,0,4,1,1,5,80.0,0.0,0,0,10
21,14311238029598878693,512,0,0,14,1,7,1,10,6.0,1,1,libaio,3,0,1,60,0,1,1700.0,testfile,,0.0,0,0,0,0,4,1,1,5,80.0,0.0,0,0,10
22,14311238029598878693,512,0,0,14,1,7,1,10,6.0,1,1,libaio,3,0,1,60,0,1,1700.0,testfile,,0.0,0,0,0,0,4,1,1,5,80.0,0.0,0,0,10
23,14311238029598878693,512,0,0,14,1,7,1,10,6.0,1,1,libaio,3,0,1,60,0,1,1700.0,testfile,,0.0,0,0,0,0,4,1,1,5,80.0,0.0,0,0,10
24,14311238029598878693,512,0,0,14,1,7,1,10,6.0,1,1,libaio,3,0,1,60,0,1,1700.0,testfile,,0.0,0,0,0,0,4,1,1,5,80.0,0.0,0,0,10
25,14311238029598878693,512,0,0,14,1,7,1,10,6.0,1,1,libaio,3,0,1,60,0,1,1700.0,testfile,,0.0,0,0,0,0,4,1,1,5,80.0,0.0,0,0,10
26,14311238029598878693,512,0,0,14,1,7,1,10,6.0,1,1,libaio,3,0,1,60,0,1,1700.0,testfile,,0.0,0,0,0,0,4,1,1,5,80.0,0.0,0,0,10
27,14311238029598878693,512,0,0,14,1,7,1,10,6.0,1,1,libaio,3,0,1,60,0,1,1700.0,testfile,,0.0,0,0,0,0,4,1,1,5,80.0,0.0,0,0,10
28,14311238029598878693,512,0,0,14,1,7,1,10,6.0,1,1,libaio,3,0,1,60,0,1,1700.0,testfile,,0.0,0,0,0,0,4,1,1,5,80.0,0.0,0,0,10
29,14311238029598878693,512,0,0,14,1,7,1,10,6.0,1,1,libaio,3,0,1,60,0,1,1700.0,testfile,,0.0,0,0,0,0,4,1,1,5,80.0,0.0,0,0,10
30,14311238029598878693,512,0,0,14,1,7,1,10,6.0,1,1,libaio,3,0,1,60,0,1,1700.0,testfile,,0.0,0,0,0,0,4,1,1,5,80.0,0.0,0,0,10
31,14311238029598878693,512,0,0,14,1,7,1,10,6.0,1,1,libaio,3,0,1,60,0,1,1700.0,testfile,,0.0,0,0,0,0,4,1,1,5,80.0,0.0,0,0,10
32,14311238029598878693,512,0,0,14,1,7,1,10,6.0,1,1,libaio,3,0,1,60,0,1,1700.0,testfile,,0.0,0,0,0,0,4,1,1,5,80.0,0.0,0,0,10
33,14311238029598878693,512,0,0,14,1,7,1,10,6.0,1,1,libaio,3,0,1,60,0,1,1700.0,testfile,,0.0,0,0,0,0,4,1,1,5,80.0,0.0,0,0,10
34,14311238029598878693,512,0,0,14,1,7,1,10,6.0,1,1,libaio,3,0,1,60,0,1,1700.0,testfile,,0.0,0,0,0,0,4,1,1,5,80.0,0.0,0,0,10
0,14311238029598878693,512,0,0,14,1,7,1,10,6.0,1,1,libaio,3,0,1,60,0,1,1700.0,testfile,,0.0,0,0,0,0,4,1,1,5,80.0,0.0,0,0,10
1,14311238029598878693,512,0,0,14,1,7,1,10,6.0,1,1,libaio,3,0,1,60,0,1,1700.0,testfile,,0.0,0,0,0,0,4,1,1,5,80.0,0.0,0,0,10
2,14311238029598878693,512,0,0,14,1,7,1,10,6.0,1,1,libaio,3,0,1,60,0,1,1700.0,testfile,,0.0,0,0,0,0,4,1,1,5,80.0,0.0,0,0,10
3,14311238029598878693,512,0,0,14,1,7,1,10,6.0,1,1,libaio,3,0,1,60,0,1,1700.0,testfile,,0.0,0,0,0,0,4,1,1,5,80.0,0.0,0,0,10
4,14311238029598878693,512,0,0,14,1,7,1,10,6.0,1,1,libaio,3,0,1,60,0,1,1700.0,testfile,,0.0,0,0,0,0,4,1,1,5,80.0,0.0,0,0,10
5,14311238029598878693,512,0,0,14,1,7,1,10,6.0,1,1,libaio,3,0,1,60,0,1,1700.0,testfile,,0.0,0,0,0,0,4,1,1,5,80.0,0.0,0,0,10
6,14311238029598878693,512,0,0,14,1,7,1,10,6.0,1,1,libaio,3,0,1,60,0,1,1700.0,testfile,,0.0,0,0,0,0,4,1,1,5,80.0,0.0,0,0,10
7,14311238029598878693,512,0,0,14,1,7,1,10,6.0,1,1,libaio,3,0,1,60,0,1,1700.0,testfile,,0.0,0,0,0,0,4,1,1,5,80.0,0.0,0,0,10
8,14311238029598878693,512,0,0,14,1,7,1,10,6.0,1,1,libaio,3,0,1,60,0,1,1700.0,testfile,,0.0,0,0,0,0,4,1,1,5,80.0,0.0,0,0,10
9,14311238029598878693,512,0,0,14,1,7,1,10,6.0,1,1,libaio,3,0,1,60,0,1,1700.0,testfile,,0.0,0,0,0,0,4,1,1,5,80.0,0.0,0,0,10
10,14311238029598878693,512,0,0,14,1,7,1,10,6.0,1,1,libaio,3,0,1,60,0,1,1700.0,testfile,,0.0,0,0,0,0,4,1,1,5,80.0,0.0,0,0,10
11,14311238029598878693,512,0,0,14,1,7,1,10,6.0,1,1,libaio,3,0,1,60,0,1,1700.0,testfile,,0.0,0,0,0,0,4,1,1,5,80.0,0.0,0,0,10
12,14311238029598878693,512,0,0,14,1,7,1,10,6.0,1,1,libaio,3,0,1,60,0,1,1700.0,testfile,,0.0,0,0,0,0,4,1,1,5,80.0,0.0,0,0,10
13,14311238029598878693,512,0,0,14,1,7,1,10,6.0,1,1,libaio,3,0,1,60,0,1,1700.0,testfile,,0.0,0,0,0,0,4,1,1,5,80.0,0.0,0,0,10
14,14311238029598878693,512,0,0,14,1,7,1,10,6.0,1,1,libaio,3,0,1,60,0,1,1700.0,testfile,,0.0,0,0,0,0,4,1,1,5,80.0,0.0,0,0,10
15,14311238029598878693,512,0,0,14,1,7,1,10,6.0,1,1,libaio,3,0,1,60,0,1,1700.0,testfile,,0.0,0,0,0,0,4,1,1,5,80.0,0.0,0,0,10
16,14311238029598878693,512,0,0,14,1,7,1,10,6.0,1,1,libaio,3,0,1,60,0,1,1700.0,testfile,,0.0,0,0,0,0,4,1,1,5,80.0,0.0,0,0,10
17,14311238029598878693,512,0,0,14,1,7,1,10,6.0,1,1,libaio,3,0,1,60,0,1,1700.0,testfile,,0.0,0,0,0,0,4,1,1,5,80.0,0.0,0,0,10
18,14311238029598878693,512,0,0,14,1,7,1,10,6.0,1,1,libaio,3,0,1,60,0,1,1700.0,testfile,,0.0,0,0,0,0,4,1,1,5,80.0,0.0,0,0,10
19,14311238029598878693,512,0,0,14,1,7,1,10,6.0,1,1,libaio,3,0,1,60,0,1,1700.0,testfile,,0.0,0,0,0,0,4,1,1,5,80.0,0.0,0,0,10
0,14311238029598878693,512,0,0,14,1,7,1,10,6.0,1,1,libaio,3,0,1,60,0,1,1700.0,testfile,,0.0,0,0,0,0,4,1,1,5,80.0,0.0,0,0,10
1,14311238029598878693,512,0,0,14,1,7,1,10,6.0,1,1,libaio,3,0,1,60,0,1,1700.0,testfile,,0.0,0,0,0,0,4,1,1,5,80.0,0.0,0,0,10
2,14311238029598878693,512,0,0,14,1,7,1,10,6.0,1,1,libaio,3,0,1,60,0,1,1700.0,testfile,,0.0,0,0,0,0,4,1,1,5,80.0,0.0,0,0,10
3,14311238029598878693,512,0,0,14,1,7,1,10,6.0,1,1,libaio,3,0,1,60,0,1,1700.0,testfile,,0.0,0,0,0,0,4,1,1,5,80.0,0.0,0,0,10
4,14311238029598878693,512,0,0,14,1,7,1,10,6.0,1,1,libaio,3,0,1,60,0,1,1700.0,testfile,,0.0,0,0,0,0,4,1,1,5,80.0,0.0,0,0,10
5,14311238029598878693,512,0,0,14,1,7,1,10,6.0,1,1,libaio,3,0,1,60,0,1,1700.0,testfile,,0.0,0,0,0,0,4,1,1,5,80.0,0.0,0,0,10
6,14311238029598878693,512,0,0,14,1,7,1,10,6.0,1,1,libaio,3,0,1,60,0,1,1700.0,testfile,,0.0,0,0,0,0,4,1,1,5,80.0,0.0,0,0,10
7,14311238029598878693,512,0,0,14,1,7,1,10,6.0,1,1,libaio,3,0,1,60,0,1,1700.0,testfile,,0.0,0,0,0,0,4,1,1,5,80.0,0.0,0,0,10
